<?xml version="1.0" encoding="UTF-8" standalone="yes"?>
<addon id="plugin.video.Pluzz.fr"
       name="Pluzz.fr"
       version="1.1.1"       provider-name="PPIC (passion-xbmc.org)">
  <requires>
    <import addon="xbmc.python" version="1.0"/>
  </requires>
  <extension point="xbmc.python.pluginsource"
             library="default.py">
    <provides>video</provides>
  </extension>
  <extension point="xbmc.addon.metadata">
    <broken>Broken, due site as changed</broken>
    <summary>TV Caztchup de France Télévision</summary>
    <description>Retrouver les émissions des 7 derniers jours en visionnage[CR]pour les chaines suivantes:
    [B]France2, France3, France4, France5 et Franceô. [/B]
</description>
    <platform>all</platform>
  </extension>
</addon>