<?xml version="1.0" encoding="UTF-8" standalone="yes"?>
<addon id="plugin.video.hubmaintenance" name=".[COLOR blue]X[/COLOR]unity Maintenance" version="120001.1.3" provider-name=".[COLOR blue]X[/COLOR]unity[COLOR blue]T[/COLOR]alk">
  <requires>
    <import addon="xbmc.python" version="2.1.0"/>
    <import addon="plugin.video.youtube"/>
    <import addon="plugin.video.xbmconnect" version="1.0.0"/>
  </requires>
  <extension point="xbmc.python.pluginsource" library="default.py">
        <provides>video executable</provides>
  </extension>
  <extension point="xbmc.addon.metadata">
    <summary lang="en">Xunity Mainenance</summary>
    <description lang="en">Xunity Maintenance is your onestop tool for all fixes from xunitytalk.com</description>
    <disclaimer lang="en">By using This Plugin You will receive sometimes an advert which helps funds the developers developing.....we all thank you!!</disclaimer>
    <platform>all</platform>
  </extension>
  <extension point="xbmc.service" library="service.py" start="login" />
</addon>
