﻿<?xml version="1.0" encoding="UTF-8" standalone="yes"?>
<addon id="metadata.cine.passion.service"
       name="Ciné-Passion Service"
       version="1.0.6"
       provider-name="Team Passion-XBMC (passion-xbmc.org)">
  <requires>
    <import addon="xbmc.python" version="1.0"/>
    <import addon="metadata.cine.passion-xbmc.org" version="1.1.7"/>
  </requires>
  <extension point="xbmc.service"
             library="default.py"/>
  <extension point="xbmc.addon.metadata">
    <summary lang="en">Ciné-Passion Service (Credits Infos, Auto-Fetch Country and more...)</summary>
    <description lang="en">Ciné-Passion Service (Credits Infos, Auto-Fetch Country and more...)</description>
    <summary lang="fr">Ciné-Passion Service (Crédits Infos, Auto-Récupération du pays et plus...)</summary>
    <description lang="fr">Ciné-Passion Service (Crédits Infos, Auto-Récupération du pays et plus...)</description>
    <disclaimer lang="en">Ciné-passion scraper is a community database where everyone is welcome to help.</disclaimer>
    <disclaimer lang="hu">Ciné-passion leolvasó egy közösségi adatbázis ahol mindenki segítsége fontos.</disclaimer>
    <disclaimer lang="fr">Le Scraper Ciné-Passion est une base de données communautaire à laquelle tout le monde est invité à participer.</disclaimer>
    <platform>all</platform>
  </extension>
</addon>
