<?xml version="1.0" encoding="UTF-8" standalone="yes"?>
<addon id="plugin.video.TMCReplay"
       name="TMC Replay"
       version="1.0.1"
       provider-name="JUL1EN094">
  <requires>
    <import addon="xbmc.python" version="2.1.0"/>
    <import addon="script.module.parsedom" version="2.5.1"/>
  </requires>
  <extension point="xbmc.python.pluginsource"
            library="default.py">
        <provides>video</provides>
  </extension>
  <extension point="xbmc.addon.metadata">
    <platform>all</platform>
    <summary>TMC Replay</summary>
    <summary lang="fr">TMC Replay</summary>
    <description>TMC Catchup TV</description>
    <description lang="fr">Plugin donnant accès aux vidéos de rattrapage de la chaîne TMC</description>
  </extension>
</addon>
