<?xml version="1.0" encoding="UTF-8" standalone="yes"?>
<addon id="plugin.video.hulu"
       name="Hulu"
       version="3.4.5"
       provider-name="BlueCop">
  <requires>
    <import addon="xbmc.python" version="1.0"/>
    <import addon="script.module.beautifulsoup" version="3.0.8"/>
    <import addon="script.module.elementtree" version="1.2.7"/>
    <import addon="script.module.cryptopy" version="1.2.6"/>
  </requires>
  <extension point="xbmc.python.pluginsource"
             library="default.py">
	<provides>video</provides>
  </extension>
  <extension point="xbmc.addon.metadata">
    <platform>all</platform>
    <summary>Hulu video plugin</summary>
    <description>Videos from Hulu.com</description>
    <disclaimer>Some parts of this addon may not be legal in your country of residence - please check with your local laws before installing.</disclaimer>
  </extension>
</addon>
