<?xml version="1.0" encoding="UTF-8"?>
<addon id="plugin.video.desitvforum" version="0.1.0" name="desitvforum" provider-name="adidas">
    <requires>
        <import addon="xbmc.python" version="1.0"/>
        <import addon="script.module.urlresolver" version="0.0.1"/>
        <import addon="script.module.t0mm0.common" version="0.0.1"/>
    </requires>
    <extension point="xbmc.python.pluginsource" library="default.py">
        <provides>video</provides>
    </extension>
    <extension point="xbmc.addon.metadata">
        <summary>Browse desitvforum</summary>
        <description>Play a wide selection of movies and TV shows from desitvforum</description>
        <platform>all</platform>
    </extension>
</addon>