<window type="window">
    <defaultcontrol>1410</defaultcontrol>
    <coordinates>
        <system>1</system>
    </coordinates>
    <allowoverlay>yes</allowoverlay>
    <controls>
        <control type="image">
            <description>background</description>
            <posx>560</posx>
            <posy>305</posy>
            <width>160</width>
            <height>110</height>
            <texture border="20">confirm-bg.png</texture>
        </control>
        <control type="button" id="1410">
            <description>resume</description>
            <left>575</left>
            <top>320</top>
            <width>130</width>
            <height>40</height>
            <label>继续播放</label>
            <font>font14</font>
            <align>center</align>
            <aligny>center</aligny>
            <texturefocus border="5">confirm-button-focus.png</texturefocus>
            <texturenofocus />
            <ondown>1411</ondown>
        </control>
        <control type="button" id="1411">
            <description>restart</description>
            <left>575</left>
            <top>360</top>
            <width>130</width>
            <height>40</height>
            <label>重新开始</label>
            <font>font14</font>
            <align>center</align>
            <aligny>center</aligny>
            <texturefocus border="5">confirm-button-focus.png</texturefocus>
            <texturenofocus />
            <onup>1410</onup>
        </control>
    </controls>
</window>
