<?xml version="1.0" encoding="UTF-8"?>
<addon id="script.icechannel.theme.xunityhd" version="0.0.1" name="iStream Theme - Xunity HD" provider-name="iStream">
<extension library="default.py" point="xbmc.service" />
<extension point="xbmc.addon.metadata">
<summary lang="en">iStream Theme - Xunity HD</summary>
<description lang="en">iStream Theme - Xunity HD</description>
<platform></platform>
<language></language>
<license></license>
<forum></forum>
<website></website>
<source></source>
<email></email>
</extension>
</addon>
