﻿<?xml version="1.0" encoding="UTF-8" standalone="yes"?>
<addon id="metadata.media.passion.service"
       name="Média-Passion Service"
       version="1.0.0"
       provider-name="Team Passion-XBMC (passion-xbmc.org)">
  <requires>
    <import addon="xbmc.python" version="1.0"/>
    <import addon="metadata.media.passion.org" version="2.1.2"/>
  </requires>
  <extension point="xbmc.service" library="default.py"/>
  <extension point="xbmc.addon.metadata">
    <summary lang="en">Média-Passion Service (Credits Infos, Auto-Fetch Country and more...)</summary>
    <description lang="en">Média-Passion Service (Credits Infos, Auto-Fetch Country and more...)</description>
    <disclaimer lang="en">Média-passion scraper is a community database where everyone is welcome to help.</disclaimer>
    <summary lang="fr">Média-Passion Service (Crédits Infos, Auto-Récupération du pays et plus...)</summary>
    <description lang="fr">Média-Passion Service (Crédits Infos, Auto-Récupération du pays et plus...)</description>
    <disclaimer lang="fr">Le Scraper Média-Passion est une base de données communautaire à laquelle tout le monde est invité à participer.</disclaimer>
    <platform>all</platform>
  </extension>
</addon>
