﻿<?xml version="1.0" encoding="UTF-8" standalone="yes"?>
<addon id="plugin.video.8artcity"
       name="8 Art City"
       version="1.2"
       provider-name="Temhil (passion-xbmc.org)">
  <requires>
    <import addon="xbmc.python" version="1.0"/>
  </requires>
  <extension point="xbmc.python.pluginsource"
             library="default.py">
    <provides>video</provides>
  </extension>
  <extension point="xbmc.addon.metadata">
    <broken>Changement du site, aucune mise a jour des videos sur le site depuis plus de 1 an. Actuellement pas le temps d'y regarder pour le mettre à jour</broken>
    <platform>all</platform>
    <summary>8 Art City Vidéoblogs (French)</summary>
    <summary lang="fr">Vidéoblogs de 8 Art City, l'agence des séries télé</summary>
    <description lang="fr">Cet addons vous acces Vidéoblogs de 8 Art City dont le Vidéoblogs d'Alain Carrazé ou bien celui de Romain Nigita.
Cet Addons remplace le script 'le Vidéoblogs d'Alain Carrazé' de Canal+.
    </description>
    <platform>all</platform>
  </extension>
</addon>
