<?xml version="1.0" encoding="UTF-8" standalone="yes"?>
<addon id="plugin.video.UBU"
       name="UBU"
       version="0.0.1"
       provider-name="unknown">
  <requires>
    <import addon="xbmc.python" version="1.0"/>
  </requires>
  <extension point="xbmc.python.pluginsource"
            library="default.py">
        <provides>video</provides>
  </extension>
  <extension point="xbmc.addon.metadata">
    <summary>Watch content from UBU</summary>
    <description>View Avant Garde content from the UBU website</description>
    <platform>all</platform>
	<license>WTFPL</license>
	<genre>tv,french</genre>
  </extension>
</addon>
