<?xml version="1.0" encoding="UTF-8" standalone="yes"?>
<addon id="plugin.video.tetesaclaques.tv"
       name="Têtes à claques"
       version="1.0.1"
       provider-name="Thailog">
  <requires>
    <import addon="xbmc.python" version="2.0"/>
  </requires>
  <extension point="xbmc.python.pluginsource"
            library="default.py">
        <provides>video</provides>
  </extension>
  <extension point="xbmc.addon.metadata">
    <platform>all</platform>
    <summary>Têtes à claques, Série Tv et clips d'animations humoristiques.</summary>
    <description>Têtes à claques, Série Tv et clips d'animations humoristiques.</description>
  </extension>
</addon>
