<?xml version="1.0" encoding="UTF-8" standalone="yes"?>
<addon id="script.module.cssutils"
       name="cssutils"
       version="1.0"
       provider-name="zero">
  <requires>
    <import addon="xbmc.python" version="2.1.0"/>
  </requires>
  <extension point="xbmc.python.module" library="lib" />
  <extension point="xbmc.addon.metadata">
    <summary>A Python package to parse and build CSS Cascading Style Sheets.</summary>
    <description>A Python package to parse and build CSS Cascading Style Sheets. DOM only, not any rendering facilities!</description>
    <platform>all</platform>
    <license>LGPLv3</license>
    <source>https://pypi.python.org/pypi/cssutils</source>
    <website>https://pypi.python.org/pypi/cssutils</website>
  </extension>
</addon>
