<?xml version="1.0" encoding="UTF-8"?>
<addon id="plugin.video.vice_com" name="Vice.com" version="1.0.5" provider-name="AddonScriptorDE">
    <requires>
        <import addon="xbmc.python" version="2.1.0"/>
    </requires>
    <extension point="xbmc.python.pluginsource" library="default.py">
        <provides>video</provides>
    </extension>
    <extension point="xbmc.addon.metadata">
        <platform>all</platform>
        <summary lang="en">The Definitive Guide to Enlightening Information</summary>
        <language></language>
        <description lang="en">The Definitive Guide to Enlightening Information</description>
        <license>GNU GENERAL PUBLIC LICENSE. Version 2, June 1991</license>
        <source>https://github.com/AddonScriptorDE/plugin.video.vice_com</source>
        <forum>http://forum.xbmc.org/showthread.php?tid=178219</forum>
        <email>AddonScriptorDE at yahoo dot de</email>
        <website>http://www.vice.com</website>
    </extension>
</addon>
