<?xml version="1.0" encoding="UTF-8" standalone="yes"?>
<addon id="plugin.navi-x" name="Navi-X"
	version="0.3.6" provider-name="cbb">
	<requires>
		<import addon="xbmc.python" version="2.1.0" />
	</requires>
	<extension point="xbmc.python.pluginsource" library="default.py">
	<provides>video</provides>
	</extension>
	<extension point="xbmc.addon.metadata">
		<platform>all</platform>
		<summary lang="en">Media browser</summary>
		<description lang="en">
			Media browser
		</description>
	</extension>
</addon>

