<?xml version="1.0" encoding="UTF-8" standalone="yes"?>
<addon id="plugin.video.filmesonline2"
       name="Filmesonline2"
       version="0.1.1"
       provider-name="Kasik04a">
    <requires>
        <import addon="xbmc.python" version="2.1.0"/>
		<import addon="script.module.urlresolver"  version="0.0.1"/>
		<import addon="script.module.t0mm0.common" version="1.1.0"/>
		<import addon="script.module.metahandler"  version="1.0.2"/>
		<import addon="script.module.beautifulsoup"/>
    </requires>
    <extension point="xbmc.python.pluginsource"
               library="default.py">
        <provides>video</provides>
    </extension>
    <extension point="xbmc.addon.metadata">
    <summary lang="en">Filmes Online 2 - Assistir Filmes Online Em Full HD 1080p - HD 720p</summary>
    <description lang="en">Filmes Online 2 - Assistir Filmes Online Em Full HD 1080p - HD 720p[/COLOR]</description>
    <platform>all</platform>
  </extension>
</addon>
