<?xml version="1.0" encoding="UTF-8" standalone="yes"?>
<addon id="script.ustvnow.plus.guide" name="USTVnow Guide" version="1.1.6" provider-name="mhancoc7">
	<requires>
		<import addon="xbmc.python" version="2.19.0"/>
		<import addon="script.module.simplejson" version="3.3.0"/>
		<import addon="plugin.video.ustvnow.tva" version="14.3.4" optional="true" />
	</requires>
	<extension point="xbmc.python.script" library="addon.py">
            <provides>executable</provides>
    </extension>
    <extension point="xbmc.service" library="service.py" start="login"/>
	<extension point="xbmc.addon.metadata">

		<description lang="en">The USTVnow Guide provides an EPG for the USTVnow Plus addon.</description>
		
		<disclaimer lang="en">The USTVnow Guide is based on the FTV Guide by rayw1986 and bluezed which is based on the original TV Guide addon by twinther.</disclaimer>
		<language></language>
		<platform>all</platform>
		<license>GPLv2</license>
        <forum>https://forums.tvaddons.ag/ustvnow-plugin-for-kodi/</forum>
        <website>http://watch.ustvnow.com/</website>
        <website></website>
		<email></email>
	</extension>
</addon>
