<?xml version="1.0" encoding="UTF-8" standalone="yes"?>
<addon id="plugin.video.dramacrazy"
       name="Drama Crazy"
       version="1.1.16"
       provider-name="AJ Updated by Dknight">
  <requires>
    <import addon="xbmc.python" version="1.0"/>
  </requires>
  <extension point="xbmc.python.pluginsource"
            library="default.py">
        <provides>video</provides>
  </extension>
  <extension point="xbmc.addon.metadata">
    <summary>DramaCrazy.net - Watch Asian Drama Online</summary>
    <description>Top Drama, Most Popular Drama, Must Watch Dramas</description>
    <disclaimer>This addon makes no warranties, expressed or implied, and hereby disclaims and negates all other warranties, including without limitation, implied warranties or conditions of merchantability, fitness for a particular purpose, or non-infringement of intellectual property or other violation of rights. Further,  Drama Crazy addon does not warrant or make any representations concerning the accuracy, likely results, or reliability of the use of the materials on the Internet web site where from data is retrieved or otherwise relating to such materials or on any sites linked to this addon. Videos are soruced from video-hosting websites that are having full rights to remove such access to video if required.</disclaimer>
    <platform>all</platform>
  </extension>
</addon>
